Src,Eqid,Version,Datetime,Lat,Lon,Magnitude,Depth,NST,Region
nc,71888511,3,"Sunday, November 18, 2012 03:41:01 UTC",36.6162,-121.2228,3.4,6.30,59,"Central California"
pr,12323003,0,"Sunday, November 18, 2012 02:38:11 UTC",19.0755,-65.4237,3.2,32.00,12,"Puerto Rico region"
us,c000duih,5,"Sunday, November 18, 2012 02:34:50 UTC",-21.6185,-68.4893,4.2,97.30,23,"Antofagasta, Chile"
nc,71888456,1,"Sunday, November 18, 2012 01:41:35 UTC",40.6842,-123.5322,2.9,25.90,35,"Northern California"
pr,12323002,0,"Sunday, November 18, 2012 01:14:47 UTC",19.0837,-65.4172,3.0,10.00, 6,"Puerto Rico region"
pr,12323001,0,"Sunday, November 18, 2012 01:11:05 UTC",19.0328,-65.4206,3.1,47.00,17,"Puerto Rico region"
pr,12323000,0,"Sunday, November 18, 2012 00:15:42 UTC",18.9864,-65.4432,3.2,13.00, 6,"Puerto Rico region"
us,c000dugf,4,"Saturday, November 17, 2012 22:59:45 UTC",-18.7008,-174.8364,4.8,302.00,37,"Tonga"
us,c000dug2,8,"Saturday, November 17, 2012 22:42:47 UTC",-6.3517,130.0715,4.9,118.50,49,"Banda Sea"
us,c000duf1,5,"Saturday, November 17, 2012 21:19:27 UTC",13.7044,-92.3142,4.4,29.30,44,"offshore Guatemala"
us,c000duev,9,"Saturday, November 17, 2012 21:12:00 UTC",-5.9403,151.9698,4.8,29.90,43,"New Britain region, Papua New Guinea"
us,c000duep,7,"Saturday, November 17, 2012 21:02:55 UTC",-5.8839,151.8674,4.9,57.20,23,"New Britain region, Papua New Guinea"
us,c000dued,6,"Saturday, November 17, 2012 20:44:04 UTC",13.7656,-91.6240,4.5,38.20,84,"offshore Guatemala"
us,c000dubt,8,"Saturday, November 17, 2012 18:43:52 UTC",-37.0202,-94.9667,5.3,10.80,223,"West Chile Rise"
us,c000dub9,B,"Saturday, November 17, 2012 18:12:21 UTC",-37.1596,-94.9680,5.4,10.10,376,"West Chile Rise"
us,c000du9x,7,"Saturday, November 17, 2012 16:37:40 UTC",45.3366,151.4657,4.9,47.40,28,"Kuril Islands"
ak,10601863,1,"Saturday, November 17, 2012 15:45:34 UTC",63.5718,-147.2977,2.9,3.10,38,"Central Alaska"
us,c000du78,4,"Saturday, November 17, 2012 12:22:11 UTC",-4.8535,134.0291,4.6,19.40,37,"near the south coast of Papua, Indonesia"
us,c000du6s,6,"Saturday, November 17, 2012 10:13:48 UTC",13.1918,-92.0067,4.4,35.00,42,"off the coast of Guatemala"
us,c000du6g,6,"Saturday, November 17, 2012 09:09:35 UTC",-18.8897,-68.9931,4.7,115.70,161,"Tarapaca, Chile"
us,c000du6f,5,"Saturday, November 17, 2012 09:06:26 UTC",-22.2351,171.6432,5.1,115.10,89,"southeast of the Loyalty Islands"
ak,10601819,2,"Saturday, November 17, 2012 08:56:39 UTC",56.0188,-152.7403,3.4,8.10,15,"Kodiak Island region, Alaska"
ak,10601803,1,"Saturday, November 17, 2012 07:10:32 UTC",59.8381,-152.8581,2.5,114.90,30,"Southern Alaska"
us,c000du5l,5,"Saturday, November 17, 2012 06:47:44 UTC",13.9738,-92.4835,4.5,34.70,139,"offshore Guatemala"
pr,12322000,0,"Saturday, November 17, 2012 05:47:55 UTC",18.0235,-65.4128,2.7,19.00, 8,"Puerto Rico region"
us,c000du4e,7,"Saturday, November 17, 2012 05:29:45 UTC",-20.2516,-178.4418,5.0,583.80,199,"Fiji region"
us,c000du43,A,"Saturday, November 17, 2012 05:12:56 UTC",-18.3108,-172.3741,6.1,9.80,479,"Tonga region"
us,c000du3p,D,"Saturday, November 17, 2012 04:48:58 UTC",36.7250,-97.3960,3.0,5.00,49,"Oklahoma"
us,c000du3n,8,"Saturday, November 17, 2012 04:35:58 UTC",10.8291,-84.8940,4.7,172.00,73,"Costa Rica"
us,c000du3g,2,"Saturday, November 17, 2012 03:11:29 UTC",-37.0015,-95.9426,4.6,10.00,53,"southeast of Easter Island"
us,c000du3a,5,"Saturday, November 17, 2012 02:51:24 UTC",-15.0263,167.4260,5.7,128.40,277,"Vanuatu"
ci,11204858,0,"Saturday, November 17, 2012 01:42:03 UTC",32.1872,-115.2830,2.9,12.70,17,"Baja California, Mexico"
us,c000du1e,5,"Friday, November 16, 2012 23:55:50 UTC",52.0835,153.0557,4.2,415.40,67,"northwest of the Kuril Islands"
hv,60432076,2,"Friday, November 16, 2012 22:54:19 UTC",19.1992,-155.3353,3.0,49.50,55,"Island of Hawaii, Hawaii"
us,c000dtwh,7,"Friday, November 16, 2012 21:06:48 UTC",12.8953,-88.7721,4.6,72.10,28,"offshore El Salvador"
ak,10601458,1,"Friday, November 16, 2012 20:34:23 UTC",61.6475,-149.6769,2.6,14.80,32,"Southern Alaska"
nc,71887696,3,"Friday, November 16, 2012 19:51:51 UTC",40.3690,-125.0103,2.8,12.30,49,"offshore Northern California"
ci,11204658,1,"Friday, November 16, 2012 19:14:12 UTC",33.9458,-116.3613,2.9,6.20,116,"Southern California"
us,c000dtr7,B,"Friday, November 16, 2012 18:12:39 UTC",49.2690,155.4724,6.4,29.10,810,"Kuril Islands"
pr,12321003,0,"Friday, November 16, 2012 18:11:15 UTC",18.9950,-64.9131,2.7,9.00, 3,"Virgin Islands region"
us,c000dtqy,6,"Friday, November 16, 2012 18:00:27 UTC",-55.8634,-26.7083,5.0,16.30,27,"South Sandwich Islands region"
ak,10601359,1,"Friday, November 16, 2012 17:08:36 UTC",61.8539,-150.4391,2.5,16.90,23,"Southern Alaska"
us,c000dtnl,6,"Friday, November 16, 2012 16:40:17 UTC",37.5438,72.0296,4.9,127.60,77,"Tajikistan"
ci,11204546,1,"Friday, November 16, 2012 16:33:17 UTC",33.0140,-115.5517,2.6,13.00,70,"Southern California"
nc,71887551,5,"Friday, November 16, 2012 15:37:44 UTC",40.3852,-125.0230,2.9,12.50,61,"offshore Northern California"
us,c000dtkf,7,"Friday, November 16, 2012 13:02:01 UTC",13.8786,-91.8529,4.8,34.80,234,"offshore Guatemala"
pr,12321001,0,"Friday, November 16, 2012 10:49:30 UTC",17.0981,-68.0801,3.0,39.00, 6,"Dominican Republic region"
ak,10601293,2,"Friday, November 16, 2012 10:18:34 UTC",51.3598,-175.9500,2.5,21.00,13,"Andreanof Islands, Aleutian Islands, Alaska"
ak,10601283,1,"Friday, November 16, 2012 09:51:21 UTC",60.0489,-152.8433,3.3,111.40,67,"Southern Alaska"
us,c000dti9,A,"Friday, November 16, 2012 08:25:57 UTC",35.2311,141.0455,5.3,34.70,399,"near the east coast of Honshu, Japan"
us,c000dthk,3,"Friday, November 16, 2012 06:24:42 UTC",-53.9956,-134.6819,5.3,10.10,107,"Pacific-Antarctic Ridge"
us,c000dth6,6,"Friday, November 16, 2012 06:05:41 UTC",-7.9754,-74.3300,4.3,151.90,87,"northern Peru"
ci,15245897,1,"Friday, November 16, 2012 04:44:36 UTC",34.7607,-117.4965,2.7,0.10,103,"Southern California"
us,c000dtgd,9,"Friday, November 16, 2012 03:58:26 UTC",38.4635,46.7171,4.9,5.20,127,"northwestern Iran"
us,c000dtg5,6,"Friday, November 16, 2012 03:04:59 UTC",13.9417,-92.4205,4.4,57.40,44,"offshore Guatemala"
us,c000dten,8,"Friday, November 16, 2012 00:38:06 UTC",-21.5156,-69.4104,5.1,56.40,268,"Antofagasta, Chile"
us,c000dtef,8,"Friday, November 16, 2012 00:21:58 UTC",-13.2826,-76.4943,4.7,47.60,94,"near the coast of central Peru"
us,c000dteb,6,"Friday, November 16, 2012 00:07:35 UTC",-25.2013,179.7711,4.4,502.80,78,"south of the Fiji Islands"
us,c000dtcj,6,"Thursday, November 15, 2012 22:19:09 UTC",-20.5184,-175.1158,4.8,35.20,57,"Tonga"
us,c000dtbz,7,"Thursday, November 15, 2012 22:10:25 UTC",-0.0266,123.4665,4.7,159.00,44,"Sulawesi, Indonesia"
us,c000dtbj,5,"Thursday, November 15, 2012 21:55:15 UTC",-16.8446,-175.0596,4.7,260.30,56,"Tonga"
ci,15245769,2,"Thursday, November 15, 2012 21:54:04 UTC",31.7757,-116.1813,2.7,10.00,21,"Baja California, Mexico"
us,c000dt7v,6,"Thursday, November 15, 2012 20:32:36 UTC",-32.6570,-71.8159,4.8,20.90,51,"offshore Valparaiso, Chile"
nc,71887081,1,"Thursday, November 15, 2012 20:18:34 UTC",36.4890,-121.0647,2.5,1.50,28,"Central California"
us,c000dt2m,5,"Thursday, November 15, 2012 16:33:03 UTC",-3.5090,149.7226,4.8,1.00,19,"Bismarck Sea"
mb,12785478,2,"Thursday, November 15, 2012 16:23:00 UTC",44.6943,-112.4705,2.5,10.10,62,"western Montana"
us,c000dt13,6,"Thursday, November 15, 2012 15:47:08 UTC",-25.9033,178.2942,4.8,635.10,170,"south of the Fiji Islands"
pr,12320001,0,"Thursday, November 15, 2012 14:38:46 UTC",18.2882,-65.3805,2.7,14.00,11,"Puerto Rico region"
ak,10600745,1,"Thursday, November 15, 2012 12:48:59 UTC",59.4648,-154.8230,2.6,202.40,13,"Southern Alaska"
ak,10600726,2,"Thursday, November 15, 2012 11:50:10 UTC",57.5542,-142.8660,3.7,10.00,24,"Gulf of Alaska"
us,c000dszb,D,"Thursday, November 15, 2012 11:22:22 UTC",52.4852,173.3539,5.6,30.00,524,"Near Islands, Aleutian Islands, Alaska"
ak,10600699,1,"Thursday, November 15, 2012 10:55:16 UTC",57.6737,-154.5602,2.8,37.40, 9,"Kodiak Island region, Alaska"
us,c000dsz5,4,"Thursday, November 15, 2012 10:40:27 UTC",15.2304,-93.1956,4.3,74.20,67,"offshore Chiapas, Mexico"
ak,10600682,1,"Thursday, November 15, 2012 09:37:14 UTC",60.7714,-148.9884,2.8,32.90,48,"Kenai Peninsula, Alaska"
us,c000dsyl,7,"Thursday, November 15, 2012 09:20:23 UTC",18.4069,-100.3734,6.0,60.90,518,"Guerrero, Mexico"
us,c000dsye,5,"Thursday, November 15, 2012 08:21:49 UTC",-3.2503,148.1763,5.7,10.00,148,"Bismarck Sea"
us,c000dsy2,9,"Thursday, November 15, 2012 08:01:01 UTC",14.0779,-91.6282,4.8,35.00,273,"offshore Guatemala"
ak,10600646,1,"Thursday, November 15, 2012 07:24:53 UTC",57.3229,-156.3310,2.7,122.70,11,"Alaska Peninsula"
us,c000dsxl,9,"Thursday, November 15, 2012 06:42:38 UTC",14.2215,-92.3074,4.9,35.20,275,"offshore Guatemala"
us,c000dsx2,E,"Thursday, November 15, 2012 04:58:59 UTC",19.1233,145.8164,4.9,124.60,170,"Maug Islands region, Northern Mariana Islands"
ak,10600601,1,"Thursday, November 15, 2012 03:39:29 UTC",59.4543,-152.7516,2.5,69.30,20,"Southern Alaska"
us,c000dsvv,4,"Thursday, November 15, 2012 01:36:38 UTC",43.9711,39.1083,4.1,18.00,21,"Caucasus region, Russia"
us,c000dsvr,5,"Thursday, November 15, 2012 01:30:39 UTC",27.4912,140.0814,4.4,485.10,128,"Bonin Islands, Japan region"
us,2012hzae,6,"Thursday, November 15, 2012 00:25:52 UTC",39.6266,73.5230,4.2,52.60,16,"Kyrgyzstan"
us,2012hzac,6,"Thursday, November 15, 2012 00:00:28 UTC",32.8774,92.3179,4.0,10.00,17,"Xizang-Qinghai border region"
us,c000dsu0,2,"Thursday, November 15, 2012 00:00:06 UTC",-5.8023,151.7226,4.8,8.80,42,"New Britain region, Papua New Guinea"
us,c000dssh,8,"Wednesday, November 14, 2012 23:41:53 UTC",-5.7427,151.5574,5.4,6.00,125,"New Britain region, Papua New Guinea"
us,c000dski,7,"Wednesday, November 14, 2012 19:02:05 UTC",-29.1568,-71.2719,6.1,61.80,515,"Coquimbo, Chile"
us,c000dsj6,7,"Wednesday, November 14, 2012 18:22:31 UTC",-14.4505,173.7178,5.2,599.70,231,"Fiji region"
ak,10600201,2,"Wednesday, November 14, 2012 16:52:13 UTC",52.1446,-173.5702,3.9,16.90,14,"Andreanof Islands, Aleutian Islands, Alaska"
ak,10600190,1,"Wednesday, November 14, 2012 16:13:38 UTC",57.4542,-142.7907,3.0,0.10,15,"Gulf of Alaska"
ak,10600182,1,"Wednesday, November 14, 2012 15:57:14 UTC",57.6160,-142.7696,3.1,15.00,17,"Gulf of Alaska"
ak,10600156,1,"Wednesday, November 14, 2012 12:39:01 UTC",57.8673,-142.6946,3.1,46.80,19,"Gulf of Alaska"
us,c000dsf7,3,"Wednesday, November 14, 2012 11:43:01 UTC",26.6719,102.5105,4.7,46.00,19,"Sichuan-Yunnan border region, China"
us,c000dsfa,4,"Wednesday, November 14, 2012 11:40:59 UTC",-20.9188,-173.8759,4.5,46.00,128,"Tonga"
us,c000dsdj,6,"Wednesday, November 14, 2012 09:15:51 UTC",-30.0707,-174.5414,4.8,32.50,22,"Kermadec Islands region"
us,c000dsck,7,"Wednesday, November 14, 2012 07:41:58 UTC",-20.6661,-174.0458,5.1,39.60,156,"Tonga"
us,c000dscg,7,"Wednesday, November 14, 2012 07:24:28 UTC",35.6722,29.9275,4.7,10.10,53,"eastern Mediterranean Sea"
pr,12319001,0,"Wednesday, November 14, 2012 07:23:04 UTC",18.1266,-67.1126,2.6,63.00, 3,"Puerto Rico"
uw,60474277,1,"Wednesday, November 14, 2012 07:10:45 UTC",44.5900,-125.1368,2.6,41.10,17,"offshore Oregon"
us,c000dsbw,9,"Wednesday, November 14, 2012 05:21:43 UTC",9.9914,122.4305,5.6,46.40,197,"Negros, Philippines"
ak,10600049,1,"Wednesday, November 14, 2012 04:26:01 UTC",57.1544,-143.0182,3.1,66.20,17,"Gulf of Alaska"
us,c000dsb2,4,"Wednesday, November 14, 2012 03:04:46 UTC",51.8201,-130.5590,4.7,15.30,207,"Queen Charlotte Islands, Canada region"
pr,12319000,0,"Wednesday, November 14, 2012 01:10:00 UTC",17.8584,-66.1682,3.0,4.00,15,"Puerto Rico region"
uw,60474147,1,"Wednesday, November 14, 2012 00:49:54 UTC",44.0372,-121.2527,2.8,0.00,22,"Oregon"
us,c000ds9y,8,"Wednesday, November 14, 2012 00:43:04 UTC",17.4559,-93.2990,4.6,38.30,143,"Chiapas, Mexico"
us,c000ds8v,7,"Wednesday, November 14, 2012 00:09:45 UTC",15.3146,-90.6554,4.3,79.50,21,"Guatemala"
us,c000ds8m,6,"Wednesday, November 14, 2012 00:02:00 UTC",37.2512,37.1476,4.2,10.00,21,"central Turkey"
us,c000ds8k,D,"Wednesday, November 14, 2012 00:00:45 UTC",-27.3717,-69.1227,4.8,91.40,215,"Atacama, Chile"
ak,10602088,2,"Tuesday, November 13, 2012 23:57:24 UTC",57.5508,-142.8714,2.5,10.00,27,"Gulf of Alaska"
us,c000ds8h,7,"Tuesday, November 13, 2012 23:55:49 UTC",37.1386,37.0960,4.5,11.00,51,"central Turkey"
nc,71885741,5,"Tuesday, November 13, 2012 23:50:03 UTC",40.4492,-125.9713,3.5,22.80,41,"off the coast of Northern California"
us,c000ds8f,4,"Tuesday, November 13, 2012 23:43:36 UTC",51.7443,177.0201,4.5,60.40,45,"Rat Islands, Aleutian Islands, Alaska"
us,c000ds7u,C,"Tuesday, November 13, 2012 23:24:09 UTC",42.5395,19.0011,4.6,9.80,77,"Montenegro"
us,c000ds7z,B,"Tuesday, November 13, 2012 23:23:49 UTC",-21.0416,-175.9344,5.4,27.10,282,"Tonga"
ak,10602081,2,"Tuesday, November 13, 2012 21:56:26 UTC",57.6526,-142.8449,2.5,10.00,19,"Gulf of Alaska"
ak,10602080,2,"Tuesday, November 13, 2012 21:55:34 UTC",54.5843,-161.7417,2.5,20.40, 8,"Alaska Peninsula"
ak,10599564,2,"Tuesday, November 13, 2012 21:06:10 UTC",57.5494,-142.8735,3.2,10.00,61,"Gulf of Alaska"
ak,10599540,3,"Tuesday, November 13, 2012 20:21:52 UTC",57.6099,-142.8427,2.5,11.90,30,"Gulf of Alaska"
ak,10602074,2,"Tuesday, November 13, 2012 20:04:23 UTC",57.6679,-142.8038,2.5,10.00,22,"Gulf of Alaska"
us,c000drwl,4,"Tuesday, November 13, 2012 18:28:14 UTC",22.8280,95.9430,4.9,21.80,49,"Myanmar"
ak,10602069,2,"Tuesday, November 13, 2012 18:21:27 UTC",57.5542,-142.8337,2.5,10.00,24,"Gulf of Alaska"
ak,10599478,3,"Tuesday, November 13, 2012 18:14:47 UTC",57.6210,-142.8186,2.6,10.00,37,"Gulf of Alaska"
ak,10599391,2,"Tuesday, November 13, 2012 14:53:09 UTC",57.5471,-142.8843,2.7,11.60,50,"Gulf of Alaska"
ak,10602046,2,"Tuesday, November 13, 2012 13:40:22 UTC",57.6049,-142.8379,2.5,12.00,26,"Gulf of Alaska"
nc,71881720,6,"Tuesday, November 13, 2012 13:40:05 UTC",39.0457,-123.0908,3.3,3.00,79,"Northern California"
ak,10599352,3,"Tuesday, November 13, 2012 13:15:30 UTC",57.4910,-142.7774,2.7,11.00,34,"Gulf of Alaska"
us,c000drpn,3,"Tuesday, November 13, 2012 12:42:50 UTC",0.2740,122.3120,4.3,155.00,39,"Minahasa, Sulawesi, Indonesia"
ak,10602038,2,"Tuesday, November 13, 2012 12:22:25 UTC",57.5754,-142.6572,2.5,10.00,19,"Gulf of Alaska"
us,c000drpf,5,"Tuesday, November 13, 2012 12:13:18 UTC",-16.6715,-175.7467,4.8,176.50,30,"Tonga"
us,c000drpd,6,"Tuesday, November 13, 2012 12:12:08 UTC",-4.8863,103.0243,4.6,67.40,49,"southern Sumatra, Indonesia"
ak,10599314,2,"Tuesday, November 13, 2012 11:40:48 UTC",57.5272,-142.8380,3.1,12.00,59,"Gulf of Alaska"
ak,10599310,3,"Tuesday, November 13, 2012 11:28:42 UTC",50.6380,-175.1119,3.1,25.70,11,"Andreanof Islands, Aleutian Islands, Alaska"
ak,10599288,3,"Tuesday, November 13, 2012 09:45:54 UTC",57.6257,-142.8526,2.5,10.90,28,"Gulf of Alaska"
ak,10599278,3,"Tuesday, November 13, 2012 09:20:41 UTC",57.6709,-143.0245,2.6,12.00,32,"Gulf of Alaska"
us,c000drn8,6,"Tuesday, November 13, 2012 09:08:01 UTC",13.8713,-92.3321,4.8,34.80,254,"offshore Guatemala"
us,c000drn3,A,"Tuesday, November 13, 2012 08:35:14 UTC",37.1039,-104.8564,2.7,5.00,36,"Colorado"
ak,10599264,2,"Tuesday, November 13, 2012 08:31:11 UTC",56.7179,-157.3766,2.7,79.40,38,"Alaska Peninsula"
ak,10602021,2,"Tuesday, November 13, 2012 07:58:10 UTC",57.5323,-142.8044,2.6,11.20,27,"Gulf of Alaska"
ak,10602019,2,"Tuesday, November 13, 2012 07:37:45 UTC",57.5659,-142.8328,2.7,11.80,34,"Gulf of Alaska"
us,c000drmp,5,"Tuesday, November 13, 2012 07:34:19 UTC",52.8244,-132.4372,4.3,10.10,238,"Queen Charlotte Islands, Canada region"
us,c000drmk,7,"Tuesday, November 13, 2012 07:17:02 UTC",11.9646,-86.4206,4.3,140.60,140,"near the coast of Nicaragua"
us,c000drmh,7,"Tuesday, November 13, 2012 07:06:33 UTC",38.2304,15.9007,4.4,81.90,46,"Sicily, Italy"
ak,10602015,2,"Tuesday, November 13, 2012 07:05:04 UTC",57.5952,-142.8028,2.5,11.90,32,"Gulf of Alaska"
us,c000drml,3,"Tuesday, November 13, 2012 06:48:19 UTC",29.7169,-42.5989,4.9,10.10,159,"northern Mid-Atlantic Ridge"
us,c000drma,6,"Tuesday, November 13, 2012 06:44:17 UTC",-3.0059,139.6024,4.8,48.40,36,"Papua, Indonesia"
us,c000drme,4,"Tuesday, November 13, 2012 06:21:32 UTC",29.8391,-42.7953,4.8,10.10,141,"northern Mid-Atlantic Ridge"
us,c000drlw,6,"Tuesday, November 13, 2012 05:31:57 UTC",13.7682,-92.0536,4.8,36.40,275,"offshore Guatemala"
us,c000drlm,9,"Tuesday, November 13, 2012 04:55:48 UTC",52.8231,-132.0062,5.1,9.80,378,"Queen Charlotte Islands, Canada region"
us,c000drlb,9,"Tuesday, November 13, 2012 04:31:27 UTC",-45.7438,-77.1419,6.0,9.70,171,"off the coast of Aisen, Chile"
ak,10599189,2,"Tuesday, November 13, 2012 04:14:33 UTC",57.5598,-142.8176,2.6,10.00,41,"Gulf of Alaska"
ak,10601994,2,"Tuesday, November 13, 2012 04:04:43 UTC",57.5585,-142.8219,2.6,10.00,29,"Gulf of Alaska"
us,c000drkq,6,"Tuesday, November 13, 2012 03:11:26 UTC",-20.4677,-69.0119,5.0,91.50,268,"Tarapaca, Chile"
ak,10599157,3,"Tuesday, November 13, 2012 02:24:00 UTC",57.5881,-142.8559,3.2,11.90,61,"Gulf of Alaska"
ak,10601985,2,"Tuesday, November 13, 2012 02:22:56 UTC",57.5131,-142.8278,3.2,10.00,33,"Gulf of Alaska"
ak,10599148,3,"Tuesday, November 13, 2012 02:18:13 UTC",64.9289,-151.1937,2.7,18.80,36,"Central Alaska"
ak,10599138,2,"Tuesday, November 13, 2012 02:12:43 UTC",57.5553,-142.8634,3.2,12.00,60,"Gulf of Alaska"
ak,10601982,2,"Tuesday, November 13, 2012 02:11:17 UTC",57.5962,-142.9093,3.1,10.00,32,"Gulf of Alaska"
ak,10601977,2,"Tuesday, November 13, 2012 01:57:15 UTC",57.5348,-142.8054,2.8,10.00,44,"Gulf of Alaska"
ak,10599118,1,"Tuesday, November 13, 2012 01:57:00 UTC",56.8100,-142.4385,3.4,0.10,16,"Gulf of Alaska"
us,c000drkd,6,"Tuesday, November 13, 2012 01:56:45 UTC",-1.7773,-81.5940,5.0,34.80,258,"off the coast of Ecuador"
us,c000drkc,4,"Tuesday, November 13, 2012 01:52:20 UTC",19.2380,96.0819,4.8,18.20,23,"Myanmar"
ak,10601965,2,"Tuesday, November 13, 2012 00:43:36 UTC",57.6035,-142.7767,2.9,12.00,27,"Gulf of Alaska"
ci,15244329,2,"Tuesday, November 13, 2012 00:19:16 UTC",35.5107,-116.2462,2.9,0.00,31,"Southern California"
us,c000drje,7,"Tuesday, November 13, 2012 00:12:00 UTC",10.3624,-85.5481,4.2,39.60,42,"Costa Rica"
ak,10599039,2,"Monday, November 12, 2012 23:54:04 UTC",57.5692,-142.9026,3.9,12.00,78,"Gulf of Alaska"
ak,10599024,2,"Monday, November 12, 2012 23:38:15 UTC",57.6567,-142.8316,2.5,4.60,21,"Gulf of Alaska"
ak,10599015,2,"Monday, November 12, 2012 23:30:04 UTC",57.5493,-142.8132,2.9,11.90,24,"Gulf of Alaska"
ak,10598997,2,"Monday, November 12, 2012 23:18:57 UTC",57.5203,-142.8435,3.5,12.20,51,"Gulf of Alaska"
us,c000drir,8,"Monday, November 12, 2012 23:18:42 UTC",42.5576,19.0212,4.6,14.00,71,"Montenegro"
us,c000dril,5,"Monday, November 12, 2012 23:02:24 UTC",-37.7612,77.9166,4.8,9.90,28,"Mid-Indian Ridge"
ak,10598971,2,"Monday, November 12, 2012 22:53:39 UTC",57.5061,-142.8097,3.3,9.80,45,"Gulf of Alaska"
ak,10598825,2,"Monday, November 12, 2012 22:41:42 UTC",56.0412,-152.7121,3.3,0.00,19,"Kodiak Island region, Alaska"
ak,10598820,2,"Monday, November 12, 2012 22:34:50 UTC",57.5361,-142.8006,2.9,10.00,28,"Gulf of Alaska"
ak,10598812,2,"Monday, November 12, 2012 22:20:52 UTC",57.4965,-142.5810,4.3,20.00,32,"Gulf of Alaska"
ak,10598808,2,"Monday, November 12, 2012 22:18:46 UTC",57.5445,-142.8024,4.2,11.80,38,"Gulf of Alaska"
ak,10598802,1,"Monday, November 12, 2012 22:16:42 UTC",57.8604,-142.8138,3.4,56.70,32,"Gulf of Alaska"
ak,10598785,1,"Monday, November 12, 2012 21:51:57 UTC",56.7390,-143.2325,3.4,0.00,19,"Gulf of Alaska"
ak,10598771,1,"Monday, November 12, 2012 21:41:14 UTC",58.9969,-142.7702,2.5,39.60,22,"Gulf of Alaska"
ak,10598762,2,"Monday, November 12, 2012 21:33:14 UTC",57.5580,-143.0600,2.5,52.00,10,"Gulf of Alaska"
ak,10598753,2,"Monday, November 12, 2012 21:29:59 UTC",57.5943,-142.7593,3.2,46.90,32,"Gulf of Alaska"
ak,10598740,2,"Monday, November 12, 2012 21:08:15 UTC",57.5403,-142.8041,3.6,11.90,40,"Gulf of Alaska"
ak,10598734,2,"Monday, November 12, 2012 20:57:58 UTC",57.7451,-142.9552,2.7,0.00,19,"Gulf of Alaska"
ak,10598710,3,"Monday, November 12, 2012 20:42:17 UTC",57.6049,-142.8986,6.4,12.00,43,"Gulf of Alaska"
ak,10598686,2,"Monday, November 12, 2012 20:07:29 UTC",59.8518,-153.2471,2.5,114.60,50,"Southern Alaska"
ci,15244225,3,"Monday, November 12, 2012 17:51:18 UTC",35.5082,-116.2498,2.6,0.00,28,"Southern California"
us,c000dr8u,C,"Monday, November 12, 2012 14:58:14 UTC",-17.5387,-173.2497,5.0,35.00,99,"Tonga"
us,c000dr8h,9,"Monday, November 12, 2012 14:47:43 UTC",-24.1860,178.9193,5.3,568.40,311,"south of the Fiji Islands"
ak,10597459,2,"Monday, November 12, 2012 14:09:59 UTC",52.7380,-173.6013,3.9,135.60,29,"Andreanof Islands, Aleutian Islands, Alaska"
uw,60473627,1,"Monday, November 12, 2012 13:30:16 UTC",43.2480,-116.8010,2.9,0.00,11,"southern Idaho"
nc,71880895,3,"Monday, November 12, 2012 13:16:45 UTC",36.3020,-120.8390,2.7,9.90,100,"Central California"
us,c000dr7f,4,"Monday, November 12, 2012 12:08:14 UTC",10.6681,-61.9728,4.6,78.50,40,"Sucre, Venezuela"
us,c000dr6y,B,"Monday, November 12, 2012 11:15:10 UTC",29.6955,138.1235,5.0,506.20,428,"Izu Islands, Japan region"
us,c000dr6t,5,"Monday, November 12, 2012 10:55:14 UTC",-45.6800,-76.9579,4.7,10.00,43,"off the coast of Aisen, Chile"
uu,60004597,6,"Monday, November 12, 2012 10:43:32 UTC",40.0850,-111.4070,2.5,8.00,48,"Utah"
us,c000dr6h,9,"Monday, November 12, 2012 10:32:28 UTC",-24.0196,-179.9020,5.0,540.60,207,"south of the Fiji Islands"
us,c000dr5u,4,"Monday, November 12, 2012 08:45:45 UTC",9.7772,-84.2782,4.5,30.20,29,"Costa Rica"
us,c000dr4t,7,"Monday, November 12, 2012 07:26:04 UTC",52.1713,-131.2202,4.1,10.00,123,"Queen Charlotte Islands, Canada region"
us,c000dr4b,5,"Monday, November 12, 2012 06:50:44 UTC",52.1871,-131.4521,4.0,10.00,112,"Queen Charlotte Islands, Canada region"
us,c000dr3k,9,"Monday, November 12, 2012 06:05:26 UTC",14.4537,-91.9814,4.4,83.10,125,"Guatemala"
us,c000dr3p,7,"Monday, November 12, 2012 05:45:39 UTC",14.0772,-92.4315,4.3,35.10,31,"offshore Guatemala"
us,c000dr34,7,"Monday, November 12, 2012 05:07:15 UTC",-45.6237,-76.8311,4.9,13.60,37,"off the coast of Aisen, Chile"
pr,12317000,0,"Monday, November 12, 2012 04:55:30 UTC",18.5004,-68.2628,3.6,164.00,11,"Mona Passage, Dominican Republic"
us,c000dr30,4,"Monday, November 12, 2012 04:35:05 UTC",13.9303,-92.4201,4.3,19.60,26,"offshore Guatemala"
us,c000dr2j,6,"Monday, November 12, 2012 03:31:17 UTC",14.3323,-92.3513,4.7,34.90,195,"offshore Guatemala"
us,c000dr29,8,"Monday, November 12, 2012 03:02:59 UTC",14.1059,-92.2109,4.7,24.50,175,"offshore Guatemala"
ci,15243993,2,"Monday, November 12, 2012 02:45:45 UTC",35.9312,-117.6612,2.5,3.40,54,"Central California"
ak,10597284,1,"Monday, November 12, 2012 00:21:24 UTC",60.9886,-146.6082,3.0,19.90,54,"Southern Alaska"
us,c000dr18,8,"Monday, November 12, 2012 00:00:16 UTC",14.3127,-92.2823,4.6,20.10,95,"offshore Guatemala"
ak,10597274,2,"Sunday, November 11, 2012 23:52:19 UTC",59.0365,-151.7262,3.1,51.80,78,"Kenai Peninsula, Alaska"
us,c000dr15,7,"Sunday, November 11, 2012 23:49:27 UTC",13.9784,-92.3354,4.5,38.10,78,"offshore Guatemala"
us,c000dr11,5,"Sunday, November 11, 2012 23:21:15 UTC",13.9698,-92.2591,5.0,53.20,298,"offshore Guatemala"
us,c000dr0z,6,"Sunday, November 11, 2012 23:16:44 UTC",49.4377,155.2323,5.1,63.40,170,"Kuril Islands"
us,c000dr0j,7,"Sunday, November 11, 2012 22:44:33 UTC",13.8987,-92.1205,4.9,52.20,264,"offshore Guatemala"
us,c000dr0e,4,"Sunday, November 11, 2012 22:31:32 UTC",13.9350,-92.4519,4.5,37.60,32,"offshore Guatemala"
us,c000dr0c,7,"Sunday, November 11, 2012 22:25:46 UTC",14.3733,-92.6872,4.8,51.90,44,"offshore Chiapas, Mexico"
us,c000dr09,C,"Sunday, November 11, 2012 22:15:00 UTC",14.1637,-92.1667,6.5,27.00,619,"offshore Guatemala"
us,c000dqzz,7,"Sunday, November 11, 2012 21:33:10 UTC",-5.5182,151.7100,5.3,73.40,109,"New Britain region, Papua New Guinea"
ak,10597215,2,"Sunday, November 11, 2012 21:14:08 UTC",51.8940,-169.5389,3.4,33.20,19,"Fox Islands, Aleutian Islands, Alaska"
ci,15243865,3,"Sunday, November 11, 2012 19:41:59 UTC",33.0642,-116.4575,2.6,7.00,113,"Southern California"
us,c000dqye,6,"Sunday, November 11, 2012 18:39:22 UTC",29.3621,81.4988,4.8,36.80,33,"Nepal"
us,c000dqy4,6,"Sunday, November 11, 2012 18:19:42 UTC",23.2079,95.9820,5.6,10.00,169,"Myanmar"
us,c000dqxn,7,"Sunday, November 11, 2012 17:51:57 UTC",36.0435,70.2892,4.5,91.50,22,"Hindu Kush region, Afghanistan"
us,c000dqwa,8,"Sunday, November 11, 2012 14:56:11 UTC",-10.7498,164.8130,5.1,30.20,36,"Santa Cruz Islands region"
ak,10597136,2,"Sunday, November 11, 2012 13:34:00 UTC",51.7009,-176.1889,2.7,55.30,24,"Andreanof Islands, Aleutian Islands, Alaska"
ak,10597127,2,"Sunday, November 11, 2012 12:57:32 UTC",62.5471,-151.1898,2.5,93.70,58,"Central Alaska"
ak,10597125,2,"Sunday, November 11, 2012 12:08:57 UTC",56.1643,-157.7807,2.9,50.60,24,"Alaska Peninsula"
us,c000dqvg,6,"Sunday, November 11, 2012 10:54:42 UTC",22.7570,95.9010,5.8,9.80,238,"Myanmar"
us,c000dqvd,7,"Sunday, November 11, 2012 10:32:15 UTC",12.1247,-88.0918,4.3,34.90,75,"near the coast of Nicaragua"
pr,12316002,0,"Sunday, November 11, 2012 08:20:32 UTC",18.7921,-65.0820,2.6,48.00, 5,"Virgin Islands region"
ak,10597085,2,"Sunday, November 11, 2012 08:16:52 UTC",52.4192,-176.2998,3.4,229.70,26,"Andreanof Islands, Aleutian Islands, Alaska"
us,c000dquy,6,"Sunday, November 11, 2012 08:02:27 UTC",3.2394,-31.4516,4.7,10.00,54,"central Mid-Atlantic Ridge"
us,c000dquq,6,"Sunday, November 11, 2012 07:52:36 UTC",-5.8351,130.1942,4.8,7.00,54,"Banda Sea"
us,c000dquh,5,"Sunday, November 11, 2012 07:24:19 UTC",-33.9590,-72.4316,4.0,18.00,19,"offshore Libertador O'Higgins, Chile"
ak,10597066,2,"Sunday, November 11, 2012 06:32:58 UTC",66.9162,-140.4905,2.5,12.90,16,"northern Yukon Territory, Canada"
ak,10597062,2,"Sunday, November 11, 2012 06:28:53 UTC",58.3763,-155.8292,2.8,152.00,55,"Alaska Peninsula"
us,c000dqtp,7,"Sunday, November 11, 2012 05:46:48 UTC",-33.9899,-72.1240,4.8,17.70,42,"offshore Libertador O'Higgins, Chile"
us,c000dqtl,6,"Sunday, November 11, 2012 05:40:11 UTC",13.8969,-91.5230,4.4,67.30,131,"offshore Guatemala"
ci,15243649,2,"Sunday, November 11, 2012 05:39:15 UTC",33.9355,-116.0253,2.7,2.50,91,"Southern California"
us,c000dqth,5,"Sunday, November 11, 2012 05:24:45 UTC",-8.6225,118.3661,4.5,116.20,19,"Sumbawa region, Indonesia"
pr,12316000,0,"Sunday, November 11, 2012 05:24:19 UTC",18.1541,-67.0730,2.8,23.00,13,"Puerto Rico"
ak,10597047,2,"Sunday, November 11, 2012 05:21:01 UTC",51.3606,-178.0491,2.6,56.10,21,"Andreanof Islands, Aleutian Islands, Alaska"
us,c000dqta,8,"Sunday, November 11, 2012 05:15:49 UTC",37.5410,141.6068,4.7,35.50,98,"near the east coast of Honshu, Japan"
us,c000dqtb,6,"Sunday, November 11, 2012 05:10:57 UTC",-33.9451,-72.1528,4.6,19.50,20,"offshore Libertador O'Higgins, Chile"
us,c000dqt3,3,"Sunday, November 11, 2012 05:01:16 UTC",-17.2549,-177.7664,4.8,578.40,46,"Fiji region"
us,c000dqt2,B,"Sunday, November 11, 2012 04:57:45 UTC",13.4334,-91.7433,4.4,43.00,60,"offshore Guatemala"
us,c000dqsw,4,"Sunday, November 11, 2012 04:11:33 UTC",-17.7055,-178.3915,4.5,459.00,46,"Fiji region"
